image,flag,plate
AQUA1_25697_checkin_2020-10-23-8-17cJpC9WhKCt.jpg,x,30F25697
AQUA1_43502_checkin_2020-10-23-8-17ifoUU8ftDr.jpg,x,30E43502
AQUA1_43502_checkin_2020-10-23-8-52NVGEHEXUkc.jpg,x,30E43502
AQUA1_68251_checkin_2020-10-23-9-38zxToTe0QmX.jpg,x,30A68251
AQUA1_86034_checkin_2020-10-23-8-18Fz6zs0eJJT.jpg,x,30F86034
AQUA2_00084_checkin_2020-10-26-10-0MoJoBpGu0I.jpg,x,29A00084
AQUA2_0009_checkin_2020-10-29-15-4239Xitox8VR.jpg,x,56S0009
AQUA2_0009_checkin_2020-10-29-9-1NqN17YSGrR.jpg,x,56S0009
AQUA2_04180_checkin_2020-10-24-8-27mco3wdTq4q.jpg,x,30A04180
AQUA2_04180_checkin_2020-11-2-7-21BPppqJjYMv.jpg,x,30A04180
AQUA2_04926_checkin_2020-10-30-11-162zkpEK7l3M.jpg,x,30A04926
AQUA2_05685_checkin_2020-10-26-15-31iYBCmaQio4.jpg,x,29D05685
AQUA2_05685_checkin_2020-10-26-15-31jdKskibM8n.jpg,x,29D05685
AQUA2_06932_checkin_2020-11-2-16-3EuXNUXG7rj.jpg,x,89A06932
AQUA2_07718_checkin_2020-10-26-8-41Ix7h52swuU.jpg,x,90A07718
AQUA2_07881_checkin_2020-10-28-8-8jw5pZGoF3R.jpg,x,29D07881
AQUA2_08931_checkin_2020-10-26-8-32Eq872WszPJ.jpg,x,30F08931
AQUA2_13467_checkin_2020-10-29-17-11mb37wFxqsz.jpg,x,98A 134.67
AQUA2_15961_checkin_2020-11-1-9-40kNGwmy7tkz.jpg,x,89A15961
AQUA2_18036_checkin_2020-10-31-12-13Fnca5nBH2o.jpg,x,30A18036
AQUA2_19663_checkin_2020-10-31-7-48mDa65yh3hU.jpg,x,30G 196.63
AQUA2_21740_checkin_2020-11-1-15-56DxHKwQn80a.jpg,x,89A21740
AQUA2_25808_checkin_2020-11-1-13-86vj6kI0aXD.jpg,x,29A 258.08
AQUA2_25885_checkin_2020-10-27-8-13UyoZCiZ88E.jpg,x,29A 258.85
AQUA2_26144_checkin_2020-10-28-8-161KfWJBeCDS.jpg,x,30A 261.44
AQUA2_26144_checkin_2020-11-2-9-46Vkm78dMNL5.jpg,x,30A 261.44
AQUA2_32643_checkin_2020-10-27-10-506oldDb2dPw.jpg,x,30F326.43
AQUA2_32802_checkin_2020-10-27-13-49Cg1BbnuBBk.jpg,x,98A32802
AQUA2_33254_checkin_2020-11-2-14-171KCA8igSZ9.jpg,x,99A33254
AQUA2_33254_checkin_2020-11-2-14-18xxjV6laalP.jpg,x,99A33254
AQUA2_33744_checkin_2020-10-26-14-8Yj73zqMEF7.jpg,x,88A 337.44
AQUA2_37619_checkin_2020-11-2-9-24POT7I2lv36.jpg,x,30A 375.19
AQUA2_37986_checkin_2020-10-29-16-50XtY9BGKZIN.jpg,x,30G37986
AQUA2_44035_checkin_2020-10-29-10-20rjWQpe2qPh.jpg,x,30A 440.35
AQUA2_44101_checkin_2020-10-27-11-8VEQvs8aep_.jpg,x,30F 441.01
AQUA2_46885_checkin_2020-10-26-9-40UkOmDeEUL2.jpg,x,30G46885
AQUA2_4703_checkin_2020-11-2-10-60zshWBfANS.jpg,x,30M 4703
AQUA2_50483_checkin_2020-10-28-18-193H0q6KEtIM.jpg,x,30F 504.83
AQUA2_52911_checkin_2020-10-25-8-52w2paLJIm01.jpg,x,51G52911
AQUA2_52911_checkin_2020-11-2-15-373ysYKQN3or.jpg,x,51G52911
AQUA2_58373_checkin_2020-10-29-9-48eT1I4OVstC.jpg,x,30A58373
AQUA2_60432_checkin_2020-10-26-8-50r9UZ2a91Ms.jpg,x,29A 604.32
AQUA2_77998_checkin_2020-10-28-8-29mNO_N2GaTr.jpg,x,29A77998
AQUA2_85437_checkin_2020-10-31-12-47nN35oLnza3.jpg,x,29A85437
AQUA2_90296_checkin_2020-10-28-17-35tB5xFLSOBz.jpg,x,30A 902.96
AQUA2_92619_checkin_2020-10-31-13-23hSN5DqjmLg.jpg,x,30F 926.19
AQUA2_93591_checkin_2020-10-25-8-46pMROslbI8g.jpg,x,30F 935.91
AQUA2_95280_checkin_2020-10-30-10-30BtMOvYaZJI.jpg,x,30F 952.80
AQUA2_95394_checkin_2020-10-31-11-2uFpYxFnvy_.jpg,x,29A 953.94
AQUA2_97025_checkin_2020-10-26-7-35Qa6PUpYN1P.jpg,x,30F 970.25
AQUA2_97701_checkin_2020-10-27-11-30SGrEwo1aPT.jpg,x,29A97701
AQUA2_97701_checkin_2020-10-28-10-31H0LcKWiAgk.jpg,x,29A97701
AQUA2_98366_checkin_2020-10-28-9-1uj4vIRH6Kj.jpg,x,29A98366
AQUA2__checkout_2020-10-26-7-51j9G2XHYAds.jpg,x,30F 970.25
AQUA2__checkout_2020-10-26-8-48B9aLRyJw5I.jpg,x,90A 077.18
AQUA2__checkout_2020-10-26-9-48i6LBAGc_oz.jpg,x,30G46885
AQUA2__checkout_2020-10-27-10-52CdwGd3BNX0.jpg,x,30F32643
AQUA2__checkout_2020-10-27-11-15b_P3z2SHnw.jpg,x,30F 441.01
AQUA2__checkout_2020-10-28-18-24quNv9CBUlr.jpg,x,30F 504.83
AQUA2__checkout_2020-10-28-8-38Mtsln3KIhA.jpg,x,29A77998
AQUA2__checkout_2020-10-29-11-370ZV1qTtGsM.jpg,x,30G03916
AQUA2__checkout_2020-10-29-17-14a6Pr0M407G.jpg,x,98A 134.67
AQUA2__checkout_2020-10-29-9-58jy7Lae9GYD.jpg,x,30A58373
AQUA2__checkout_2020-10-29-9-5CSoAYDMVdZ.jpg,x,56S 0009
AQUA2__checkout_2020-11-1-9-57A5LipEKr1u.jpg,x,89A15961
AQUA2__checkout_2020-11-2-16-13brS2iCuWAl.jpg,x,89A06932
AQUA2__checkout_2020-11-2-7-22iITx6tjYB3.jpg,x,30A 041.80
AQUA4_01418_checkin_2020-10-23-8-30V_A_uWFhhN.jpg,x,36A 014.18
AQUA4_01418_checkin_2020-10-23-8-34AWfpPOgyfw.jpg,x,36A 014.18
AQUA4_01418_checkoutex_2020-10-23-8-42EJ1VkjYWIr.jpg,x,36A 014.18
AQUA4_01771_checkin_2020-10-26-18-31xoumolnhXC.jpg,x,29A 017.71
AQUA4_02965_checkin_2020-10-31-14-52Ngkc7elxqG.jpg,x,30A02965
AQUA4_03038_checkin_2020-10-31-11-17Met0ZZ7rpX.jpg,x,20A 030.38
AQUA4_03336_checkin_2020-10-26-8-35bA7bzcTDJ3.jpg,x,88A 033.36
AQUA4_05080_checkin_2020-10-27-10-38emKqeKy71E.jpg,x,29A05080
AQUA4_10432_checkin_2020-10-27-15-21hSHkdWbbti.jpg,x,99A10432
AQUA4_10993_checkin_2020-10-26-9-59Q9SC1vK434.jpg,x,89A 109.93
AQUA4_13864_checkin_2020-10-25-15-7SQ_vlSpsdJ.jpg,x,89A13864
AQUA4_1636_checkin_2020-10-27-14-24kRrU5wwy5z.jpg,x,38N1636
AQUA4_21510_checkin_2020-10-30-17-15CAkuzVboaU.jpg,x,30F 21510
AQUA4_21596_checkin_2020-10-26-15-18rl5M3jVBdB.jpg,x,29D 215.96
AQUA4_26144_checkin_2020-10-23-17-31b0GmDfCsj.jpg,x,30A26144
AQUA4_26A01418_checkin_2020-10-22-9-5TQGUsndlp8.jpg,x,36A01418
AQUA4_35217_checkin_2020-11-1-14-9CeBldlFtG3.jpg,x,30G35217
AQUA4_36257_checkin_2020-10-29-18-98rdxnnEnIU.jpg,x,29A 362.57
AQUA4_43912_checkin_2020-10-28-14-29ucnUzK9AcS.jpg,x,30G 439.12
AQUA4_46189_checkin_2020-10-26-17-13vAzvOY2T9y.jpg,x,30F46189
AQUA4_46189_checkin_2020-10-28-17-40mUq_rbzcEB.jpg,x,30F 46189
AQUA4_46748_checkin_2020-10-31-8-37nBtP_h4XNk.jpg,x,30A 467.48
AQUA4_48917_checkin_2020-10-26-17-3809eHbgHDmv.jpg,x,30G48917
AQUA4_50833_checkin_2020-10-31-16-390dAkta7eRm.jpg,x,30F50833
AQUA4_6767_checkin_2020-10-31-17-23M_8qb1K8Ow.jpg,x,29V6767
AQUA4_67941_checkin_2020-10-31-10-19vpIQ89F6ri.jpg,x,30F 679.41
AQUA4_69919_checkin_2020-10-22-16-12UZK6rRePEp.jpg,x,30A69919
AQUA4_70192_checkin_2020-10-31-16-10GYHXSX2wuM.jpg,x,30F70192
AQUA4_71103_checkin_2020-10-30-16-49fmhlrXzwPK.jpg,x,30A 711.03
AQUA4_74338_checkin_2020-11-1-9-30nr6jL8uC5z.jpg,x,30F74338
AQUA4_77397_checkin_2020-10-23-8-390PQG_ymP23.jpg,x,35A 014.18
AQUA4_92840_checkin_2020-10-31-13-22Mso04uDf58.jpg,x,30F 928.40
AQUA4__checkout_2020-10-23-17-7sO6kKUeoBO.jpg,x,30A26144
AQUA4__checkout_2020-10-24-8-224Wr7Pykw4Z.jpg,x,89A15530
AQUA4__checkout_2020-10-26-10-2jaRko6AlI7.jpg,x,89N 109.93
AQUA4__checkout_2020-10-27-10-41QjUEmHhXqf.jpg,x,29A05080
AQUA5_00635_checkin_2020-11-1-17-3148ZtOahbe.jpg,x,15A 006.35
AQUA5_01799_checkin_2020-10-23-17-14pdD8jVvzl8.jpg,x,29D 017.99
AQUA5_04104_checkin_2020-10-26-8-3n4i8wrw8fo.jpg,x,36A 041.04
AQUA5_09566_checkin_2020-10-22-8-40ha5sQphIlE.jpg,x,29D 095.66
AQUA5_09566_checkout_2020-10-22-8-42Jd5PVgTBfK.jpg,x,29D 095.66
AQUA5_10429_checkin_2020-10-28-20-30Epk9yPq2kn.jpg,x,89A 104.29
AQUA5_10429_checkin_2020-11-2-9-50KMGtRp2AE_.jpg,x,89A10429
AQUA5_11155_checkin_2020-11-1-11-44PAbemuH7Y0.jpg,x,30G 11155
AQUA5_15207_checkin_2020-11-1-10-55sMmjTIt3Jd.jpg,x,29H 152.07
AQUA5_16871_checkin_2020-11-1-9-518mbUNzhe4Z.jpg,x,15A16871
AQUA5_17831_checkin_2020-10-29-8-23wgal1ly80i.jpg,x,30A17831
AQUA5_19068_checkin_2020-10-31-16-45rGTuapLwn2.jpg,x,14A19068
AQUA5_19752_checkin_2020-10-26-7-49R7ZOQqXOZi.jpg,x,30E 197.52
AQUA5_20049_checkin_2020-11-1-13-23A10qSZkzWz.jpg,x,30F 200.49
AQUA5_20701_checkin_2020-10-31-11-22bm8Yo_v_0w.jpg,x,30E20701
AQUA5_25074_checkin_2020-11-1-11-48YO4j7q9E_V.jpg,x,14A 250.74
AQUA5_25495_checkin_2020-10-27-7-7raNEheXCZX.jpg,x,30G 254.95
AQUA5_25885_checkin_2020-10-28-18-272t2dyIxEwp.jpg,x,29A 258.85
AQUA5_26144_checkin_2020-10-23-17-140HcLE8JWTi.jpg,x,30A26144
AQUA5_27580_checkin_2020-10-22-8-13xuVBC6AAb2.jpg,x,30F 275.80
AQUA5_27580_checkin_2020-10-23-17-13R_qkStKRND.jpg,x,30F 275.80
AQUA5_27580_checkout_2020-10-23-17-39BqaHc6U1SV.jpg,x,30F 275.80
AQUA5_31825_checkin_2020-10-25-7-30KQvoyIuTha.jpg,x,34A31825
AQUA5_33531_checkin_2020-10-29-10-44Ng2PzpoR3U.jpg,x,30G 335.31
AQUA5_36253_checkin_2020-11-2-9-57WMyEigYyem.jpg,x,30F 362.53
AQUA5_39509_checkin_2020-10-29-11-14NB1YlqefBk.jpg,x,30G39509
AQUA5_43843_checkin_2020-11-1-15-29peQyULdDpH.jpg,x,30E 438.43
AQUA5_47005_checkin_2020-10-27-10-47UNG0sr7ePh.jpg,x,30A 420.05
AQUA5_47837_checkin_2020-10-26-19-28hWJeeon_Zt.jpg,x,30A 478.37
AQUA5_49052_checkin_2020-10-26-11-3vvfrF5LNHw.jpg,x,36A 490.52
AQUA5_54659_checkin_2020-10-31-17-8k0NXDSX42M.jpg,x,30F 546.59
AQUA5_57599_checkoutex_2020-10-28-23-37b9P8p30Lak.jpg,x,30A57599
AQUA5_62043_checkin_2020-10-29-10-0GtLNmj9gOe.jpg,x,30A 620.43
AQUA5_66266_checkoutex_2020-10-26-13-296niXCvE7pq.jpg,x,30E 662.66
AQUA5_66625_checkin_2020-10-30-10-8FTZiFXWf5h.jpg,x,29C 66625
AQUA5_75531_checkin_2020-10-30-20-9bNSoFT6Nto.jpg,x,30E 755.31
AQUA5_80651_checkin_2020-10-29-13-25NcqqbyFPPl.jpg,x,30F 806.51
AQUA5_86404_checkin_2020-10-26-20-24DlkuaubZpw.jpg,x,30P 864.04
AQUA5_87180_checkin_2020-10-30-15-58N3sfjeGTfp.jpg,x,29A87180
AQUA5_90230_checkin_2020-10-31-8-0tWaizksrK3.jpg,x,30F 902.30
AQUA5_97061_checkin_2020-10-27-14-59UILIhNbkRm.jpg,x,30A 970.61
AQUA7_0 0 7 5 7_checkout_2020-10-24-11-19C_yvfx_7rZ.jpg,x,89A 073.79
AQUA7_00275_checkin_2020-11-1-15-292RwA_Vw7xq.jpg,x,89LD 00275
AQUA7_00757_checkin_2020-10-24-11-17Atnc4KwBmW.jpg,x,88LD 00757
AQUA7_06973_checkin_2020-10-27-12-20lnJbl4tu4T.jpg,x,30F 069.73
AQUA7_07379_checkin_2020-10-24-11-18brEjgtOrWO.jpg,x,89A 073.79
AQUA7_09132_checkin_2020-10-22-8-12wa5D7Fzvor.jpg,x,30G 09132
AQUA7_09290_checkin_2020-10-26-22-32auNPMYzMxP.jpg,x,14A 092.90
AQUA7_13962_checkin_2020-10-27-7-372d7mEkjOYH.jpg,x,89A 139.62
AQUA7_1452_checkin_2020-10-24-9-54dmd4dgaIHg.jpg,x,29Z1452
AQUA7_16938_checkin_2020-11-1-13-18OXF3kZdOdN.jpg,x,15A 169.38
AQUA7_17339_checkin_2020-10-31-16-45w2SUMLISon.jpg,x,98A17339
AQUA7_20061_checkin_2020-10-19-10-23SOxm0vrkW.jpg,x,89A 200.61
AQUA7_20784_checkin_2020-11-1-15-54V7qhZNYbg5.jpg,x,30F 207.84
AQUA7_21950_checkin_2020-11-1-9-5puwClWncST.jpg,x,30F 21950
AQUA7_2471_checkin_2020-11-1-14-29IlTqJrBEKk.jpg,x,29T 2471
AQUA7_2471_checkin_2020-11-1-14-31ly5ebCArgA.jpg,x,29T 2471
AQUA7_25697_checkin_2020-11-2-13-282GH6XPo0mL.jpg,x,30F 256.97
AQUA7_25697_checkin_2020-11-2-13-29709CDtWwUA.jpg,x,30F 256.97
AQUA7_27838_checkout_2020-10-26-19-55zfYKsMFHAS.jpg,x,30G 278.38
AQUA7_30599_checkin_2020-11-1-10-56iv__6NRjmI.jpg,x,88A 305.98
AQUA7_30A 60434_checkout_2020-10-25-19-57NYeamj34wz.jpg,x,30A 604.34
AQUA7_36336_checkin_2020-11-1-14-7UhMszkJjZ1.jpg,x,30G 363.36
AQUA7_43441_checkin_2020-10-26-22-41dHr6pPRo56.jpg,x,14A43441
AQUA7_44482_checkin_2020-11-1-12-50ddLkUmOC4r.jpg,x,30A 444.82
AQUA7_46294_checkin_2020-10-24-11-16SzHPPHe0FM.jpg,x,29A 462.94
AQUA7_46437_checkin_2020-10-27-19-50xX8Q9rVzaq.jpg,x,30G 464.37
AQUA7_46791_checkoutex_2020-10-29-6-32MAVJ9HnoO7.jpg,x,29A46791
AQUA7_47662_checkout_2020-10-28-6-37tIkalt3_W_.jpg,x,30E47662
AQUA7_55695_checkin_2020-11-1-16-338YvhqV67Zl.jpg,x,30A 556.95
AQUA7_57224_checkin_2020-11-1-12-13urU4m_Tsw4.jpg,x,29A 57224
AQUA7_60168_checkin_2020-11-1-15-15mKbBDW8WRQ.jpg,x,30A 601.68
AQUA7_60986_checkin_2020-10-24-9-53oJ4ToE8ioP.jpg,x,29A60986
AQUA7_63839_checkin_2020-10-30-8-37KiSPp4kjs8.jpg,x,30A 638.39
AQUA7_65169_checkin_2020-10-26-10-44KVGU5eWgTQ.jpg,x,29A 651.69
AQUA7_65900_checkin_2020-11-1-23-17cDAUxnnDua.jpg,x,30F65900
AQUA7_66684_checkin_2020-10-27-9-280mCxNKwpBc.jpg,x,30E 666.84
AQUA7_70190_checkin_2020-10-31-16-54xMCLq_Nbpl.jpg,x,30A70190
AQUA7_70190_checkout_2020-10-31-16-54d5H7_PkJoE.jpg,x,30A70190
AQUA7_70924_checkin_2020-10-26-22-56e54RRM17m6.jpg,x,30F 709.24
AQUA7_71990_checkin_2020-11-1-10-59_RyT10JuPE.jpg,x,29A71990
AQUA7_71990_checkout_2020-11-1-11-16E3vX5tdqcD.jpg,x,30F 729.28
AQUA7_72928_checkin_2020-11-1-11-34XrIdsA7SR.jpg,x,30F 729.28
AQUA7_74323_checkin_2020-11-1-9-133RsuFtqPM2.jpg,x,30E 743.23
AQUA7_77379_checkin_2020-11-2-17-21TJJedrlTtq.jpg,x,30E77379
AQUA7_88013_checkin_2020-10-22-8-33V3a8B55XY1.jpg,x,30F 880.13
AQUA7_96416_checkin_2020-10-26-12-39HnFWXE6QO5.jpg,x,30E 964.16
AQUA7_99015_checkin_2020-11-1-12-29kRe7c09_eC.jpg,x,30F 99015
AQUA7_NULL_checkin_2020-10-19-10-3VNDtBDGikR.jpg,x,89A 200.61
AQUA7_null_checkout_2020-10-19-10-3npZ7kbHMSM.jpg,x,89A 20061
AQUA7_null_checkout_2020-10-19-9-52024MDvOIjq.jpg,x,89A07379
AQUA7__checkout_2020-11-2-13-28WN7I3oqNuW.jpg,x,30F 256.97
AQUA7__checkout_2020-11-2-13-29WhW6tuteYi.jpg,x,30F 256.97
12310.jpg,x,51A96141
12684.jpg,x,51G49539
14153.jpg,x,51F59011
14843.jpg,x,51G44313
18694.jpg,x,51F20754
20115.jpg,x,51G29034
24655.jpg,x,51F07973
32266.jpg,x,51F22029
36392.jpg,x,51F22029
3718.jpg,x,51F16159
40433.jpg,x,51G21670
40585.jpg,x,51G39466
40658.jpg,x,51F88270
40821.jpg,x,51F16159
742.jpg,x,51F15585
744.jpg,x,51F15585
8004.jpg,x,51A75932
8920.jpg,x,51A55433
9096.jpg,x,51F24403
9257.jpg,x,51F59011
carlong_0026.png,x,43A18650
carlong_0061.png,x,51A05227
carlong_0489.png,x,61A30001
carlong_0600.png,x,51F15585
carlong_0724.png,x,51F21255
carlong_0734.png,x,51F15585
carlong_0806.png,x,51F15585
carlong_0825.png,x,51F13251
carlong_0929.png,x,51F22029
carlong_0984.png,x,51F15585
carlong_0985.png,x,51F15585
Dieu_0037.png,x,79A18768
Dieu_0106.png,x,51H63787
Dieu_0114.png,x,51G92506
Dieu_0253.png,x,51H10572
Dieu_0271.png,x,51H60996
Hung_0007.png,x,51G44203
Hung_0085.png,x,51H03752
Hung_0306.png,x,47A43647
Hung_0308.png,x,47A43647
Tgmt_0002.png,x,89A07379
Tgmt_0004.png,x,30A60434
Tgmt_0015.png,x,30F25697
Tgmt_0020.png,x,30E43502
Tgmt_0021.png,x,30E43502
Tgmt_0028.png,x,30A68251
Tgmt_0035.png,x,30F97025
Tgmt_0036.png,x,29A02343
Tgmt_0037.png,x,90A07718
Tgmt_0038.png,x,30G46885
Tgmt_0039.png,x,30F32643
Tgmt_0040.png,x,30F44101
Tgmt_0041.png,x,30F50483
Tgmt_0042.png,x,29A77998
Tgmt_0043.png,x,30G03916
Tgmt_0047.png,x,30A58373
Tgmt_0048.png,x,56S0009
Tgmt_0051.png,x,89A15961
Tgmt_0053.png,x,89A06932
Tgmt_0054.png,x,30A04180
Tgmt_0055.png,x,29A00084
Tgmt_0056.png,x,56S0009
Tgmt_0057.png,x,56S0009
Tgmt_0060.png,x,30A04180
Tgmt_0062.png,x,30A04180
Tgmt_0064.png,x,30A04926
Tgmt_0067.png,x,29D05685
Tgmt_0068.png,x,29D05685
Tgmt_0071.png,x,89A06932
Tgmt_0072.png,x,90A07718
Tgmt_0093.png,x,89A15961
Tgmt_0096.png,x,30A18036
Tgmt_0098.png,x,30G19663
Tgmt_0101.png,x,30F20449
Tgmt_0105.png,x,89A21740
Tgmt_0108.png,x,29A25808
Tgmt_0110.png,x,30A26144
Tgmt_0125.png,x,30F32643
Tgmt_0126.png,x,30F32659
Tgmt_0128.png,x,30F32665
Tgmt_0131.png,x,98A32802
Tgmt_0133.png,x,99A33254
Tgmt_0134.png,x,99A33254
Tgmt_0136.png,x,88A33744
Tgmt_0140.png,x,30A37519
Tgmt_0147.png,x,30A44035
Tgmt_0148.png,x,30F44101
Tgmt_0151.png,x,29A46511
Tgmt_0154.png,x,30G46885
Tgmt_0155.png,x,30M4703
Tgmt_0157.png,x,30F50483
Tgmt_0169.png,x,51G52911
Tgmt_0170.png,x,51G52911
Tgmt_0176.png,x,30A58373
Tgmt_0179.png,x,29A60432
Tgmt_0181.png,x,29A60432
Tgmt_0201.png,x,29A85437
Tgmt_0203.png,x,30E86044
Tgmt_0210.png,x,30A90296
Tgmt_0212.png,x,30F92619
Tgmt_0214.png,x,30F93591
Tgmt_0216.png,x,30E93815
Tgmt_0220.png,x,29A95394
Tgmt_0221.png,x,30F97025
Tgmt_0222.png,x,29A97701
Tgmt_0224.png,x,29A93866
Tgmt_0230.png,x,89A15530
Tgmt_0239.png,x,89A10993
Tgmt_0241.png,x,29A05080
Tgmt_0245.png,x,36A01418
Tgmt_0247.png,x,36A01418
Tgmt_0251.png,x,29A02343
Tgmt_0254.png,x,20A03038
Tgmt_0264.png,x,29A05080
Tgmt_0279.png,x,30F10317
Tgmt_0281.png,x,99A10432
Tgmt_0282.png,x,89A10993
Tgmt_0285.png,x,30F10317
Tgmt_0287.png,x,89A13864
Tgmt_0290.png,x,89A15530
Tgmt_0306.png,x,30F21510
Tgmt_0308.png,x,29D21596
Tgmt_0328.png,x,30G35217
Tgmt_0330.png,x,29A36257
Tgmt_0339.png,x,30G43912
Tgmt_0340.png,x,30F46189
Tgmt_0342.png,x,30F46189
Tgmt_0343.png,x,30A46748
Tgmt_0344.png,x,30G48917
Tgmt_0348.png,x,30F50833
Tgmt_0356.png,x,29V6767
Tgmt_0359.png,x,30A69919
Tgmt_0361.png,x,30F70192
Tgmt_0363.png,x,30A71103
Tgmt_0364.png,x,30A71103
Tgmt_0373.png,x,30F74338
Tgmt_0375.png,x,52F7584
Tgmt_0378.png,x,36A01418
Tgmt_0387.png,x,30F91149
Tgmt_0390.png,x,30F92840
Tgmt_0398.png,x,30F35939
Tgmt_0406.png,x,15A00635
Tgmt_0408.png,x,29D01799
Tgmt_0414.png,x,36A04104
Tgmt_0447.png,x,29D09566
Tgmt_0456.png,x,89A10429
Tgmt_0457.png,x,89A10429
Tgmt_0460.png,x,30G11155
Tgmt_0472.png,x,29H 152.07
Tgmt_0477.png,x,30G16380
Tgmt_0483.png,x,29V6767
Tgmt_0500.png,x,30E19752
Tgmt_0505.png,x,30F20049
Tgmt_0507.png,x,30E20701
Tgmt_0518.png,x,14A25074
Tgmt_0519.png,x,30G25495
Tgmt_0528.png,x,30A26144
Tgmt_0533.png,x,30F27580
Tgmt_0535.png,x,30F27580
Tgmt_0553.png,x,30G33531
Tgmt_0558.png,x,30F35939
Tgmt_0573.png,x,30G39509
Tgmt_0592.png,x,30E43843
Tgmt_0596.png,x,30A47005
Tgmt_0598.png,x,30A47837
Tgmt_0601.png,x,36A49052
Tgmt_0606.png,x,30F54659
Tgmt_0612.png,x,30A57599
Tgmt_0631.png,x,30E66266
Tgmt_0632.png,x,29C 66625
Tgmt_0645.png,x,30E75531
Tgmt_0653.png,x,30F80651
Tgmt_0659.png,x,29A87180
Tgmt_0675.png,x,30A97061
Tgmt_0691.png,x,30F25697
Tgmt_0696.png,x,89LD 00275
Tgmt_0707.png,x,30F06973
Tgmt_0711.png,x,89A07379
Tgmt_0718.png,x,30G09132
Tgmt_0720.png,x,14A09290
Tgmt_0722.png,x,14A09290
Tgmt_0727.png,x,30Z1040
Tgmt_0738.png,x,29Z1452
Tgmt_0741.png,x,15A16938
Tgmt_0743.png,x,98A17339
Tgmt_0746.png,x,89A20061
Tgmt_0748.png,x,30F20784
Tgmt_0750.png,x,30F21950
Tgmt_0752.png,x,29T 2471
Tgmt_0753.png,x,29T 2471
Tgmt_0757.png,x,30F25697
Tgmt_0758.png,x,30F25697
Tgmt_0759.png,x,30G27838
Tgmt_0762.png,x,89A30598
Tgmt_0779.png,x,30A35919
Tgmt_0780.png,x,30G36336
Tgmt_0794.png,x,29A46294
Tgmt_0798.png,x,29C46748
Tgmt_0803.png,x,30E47662
Tgmt_0832.png,x,30A55695
Tgmt_0836.png,x,29A57224
Tgmt_0840.png,x,30A60168
Tgmt_0846.png,x,29A60986
Tgmt_0851.png,x,30A63839
Tgmt_0853.png,x,29A65169
Tgmt_0855.png,x,30F65900
Tgmt_0859.png,x,30E66684
Tgmt_0864.png,x,30A70190
Tgmt_0866.png,x,30A70190
Tgmt_0868.png,x,30F70924
Tgmt_0870.png,x,29A71990
Tgmt_0871.png,x,30F72928
Tgmt_0872.png,x,30F72928
Tgmt_0873.png,x,30E74323
Tgmt_0876.png,x,30F74905
Tgmt_0897.png,x,30F88013
Tgmt_0900.png,x,89A07379
Tgmt_0906.png,x,30E96416
Tgmt_0912.png,x,98A17339
Tgmt_0913.png,x,30F99015
Tgmt_0917.png,x,89A20061
Tgmt_0920.png,x,89A20061
Tgmt_0922.png,x,89A07379
CarLongPlate191_jpg.rf.eb2a72c4d396b0e25f8348196bc60f1b.jpg,x,51F07568
CarLongPlate275_jpg.rf.0a73eb805e76a55dfad792344e808316.jpg,x,51G22237
CarLongPlateGen1716_jpg.rf.d933f4819840ff1d2e26a6c95aa81a7f.jpg,x,51A69172
CarLongPlateGen2429_jpg.rf.703f39b4c48f8bc3b93ef9aa357ae33c.jpg,x,51A05227
CarLongPlateGen2690_jpg.rf.4369f2cd9a52ca56876784f58718aaef.jpg,x,51F22261
CarLongPlateGen3168_jpg.rf.679fc6e95990170740bf02d0c0cccd24.jpg,x,51G51332
CarLongPlateGen3211_jpg.rf.1590783f90e83c365ac21f72c7d3930b.jpg,x,62A05772
CarLongPlate512_jpg.rf.696938a7ba42c71c5f4488342e85a834.jpg,x,52F73420
Clip32_new_16.jpg,x,69A06084
Clip35_new_6.jpg,x,29A56364
Clip36_new_4.jpg,x,60A61760
CarLongPlate773_jpg.rf.7269145361dacbcd4d8b01cb5f570da3.jpg,x,51A90905
CarLongPlate788_jpg.rf.09e9de657f363c3c648d353d3635cd43.jpg,x,51G47340
CarLongPlate962_jpg.rf.6ab575528b0dec92007a01eb5dcbae91.jpg,x,60A35981
CarLongPlate998_jpg.rf.581bcb06d68b9e2cc301e4f44ba3be50.jpg,x,51F27809
CarLongPlateGen1148_jpg.rf.d90dc290bb1d6d5a5f00356c10a0c450.jpg,x,48A05177
CarLongPlateGen1270_jpg.rf.399fdf2ba48a9dc60d174a09f8149115.jpg,x,51F07568
CarLongPlateGen1795_jpg.rf.8bb0f8584c264190fe035a6615ca16e8.jpg,x,51A90905
CarLongPlateGen1808_jpg.rf.ec383fc14a6e5fc2823a9cd026cbc4e3.jpg,x,51G47340
CarLongPlateGen1977_jpg.rf.5703287df70fecf8b87c556f4dab75bd.jpg,x,51G51936
CarLongPlateGen1998_jpg.rf.31e1f06aa82886ab70fb004f03fd46ea.jpg,x,51F27809
CarLongPlateGen2048_jpg.rf.d9ed0a63f64915f9697388c330c2da91.jpg,x,51G49539
CarLongPlateGen2051_jpg.rf.70c4bf2ca60fe098369b2a30f9b60ab1.jpg,x,51F74320
CarLongPlateGen3282_jpg.rf.991662bb1f1028fcf2f1a51d9d4cabd4.jpg,x,51F57493
CarLongPlateGen3316_jpg.rf.a6d0d09bd3725c9136297c6d152fbc6c.jpg,x,51F06532
CarLongPlateGen3335_jpg.rf.ee2efff8a2390bd8700d8597258129c3.jpg,x,51F88270
CarLongPlateGen3464_jpg.rf.f3512dc4deed7e402de4e9246584b95a.jpg,x,51F31118
CarLongPlateGen3695_jpg.rf.d6479bc2d4b75db9c547da2d206bea70.jpg,x,51G25181
CarLongPlateGen3806_jpg.rf.8d81bacaf12a651a904ed29c8e67eb8b.jpg,x,51F27809
CarLongPlateGen3829_jpg.rf.3826f7527f09186f512c550392ad1323.jpg,x,51F59881
CarLongPlateGen3850_jpg.rf.def0890369c8dd601e33ab1a8fdcfa97.jpg,x,51F35613
